AMS	cleanAC	COUNT(*)
Ala	AGC	11
Ala	CGC	6
Ala	TGC	11515
Arg	ACG	247
Arg	CCG	4
Arg	GCG	18
Arg	TCA	1
Arg	TCG	11763
Arg	TCT	55
Arg	TTG	1
Asn	GTT	11061
Asp	ATC	3
Asp	GCC	22
Asp	GTC	12421
Cys	ACA	2
Cys	CGA	2
Cys	GCA	11418
Gln	CTG	3
Gln	TTG	10595
Glu	ATC	1
Glu	TTC	11285
Gly	ACC	12
Gly	CCC	3
Gly	GCC	2
Gly	TCC	11657
Gly	TCT	1
His	ATG	2
His	GGG	1
His	GTG	12373
Ile	AAT	2
Ile	GAT	11158
Ile	TAT	3
Leu1	AAG	3
Leu1	CAA	4
Leu1	CAG	1
Leu1	CTA	1
Leu1	TAA	744
Leu1	TAG	5456
Leu2	AAG	1
Leu2	CAA	26
Leu2	CAG	1
Leu2	CTA	6
Leu2	TAA	9011
Leu2	TAG	1167
Lys	CTT	3317
Lys	TTT	8121
Met	CAT	10637
Met	TAT	23
Phe	AAA	2
Phe	GAA	11679
Pro	AGG	8
Pro	CGG	3
Pro	GGG	3
Pro	TGG	11712
Ser1	ACT	49
Ser1	GCT	7950
Ser1	TCT	1457
Ser1	TGC	1
Ser2	AGA	3
Ser2	GGA	4
Ser2	TCT	7
Ser2	TGA	10170
Thr	CGT	3
Thr	GGT	6
Thr	TGT	12114
Trp	CCA	335
Trp	TCA	11851
Tyr	ATA	2
Tyr	GTA	11666
Val	AAC	4
Val	CAC	7
Val	GAC	11
Val	TAC	11685
