AMS	AC	COUNT(*)
Ala	AGC	11
Ala	CGC	6
Ala	TGC	1108
Ala	UGC	10407
Arg	ACG	247
Arg	CCG	4
Arg	GCG	18
Arg	TCA	1
Arg	TCG	1198
Arg	TCT	21
Arg	TTG	1
Arg	UCG	10565
Arg	UCU	34
Asn	GTT	1066
Asn	GUU	9995
Asp	ATC	1
Asp	AUC	2
Asp	GCC	22
Asp	GTC	1209
Asp	GUC	11212
Cys	ACA	2
Cys	CGA	2
Cys	GCA	11418
Gln	CUG	3
Gln	TTG	1093
Gln	UUG	9502
Glu	ATC	1
Glu	TTC	1161
Glu	UUC	10124
Gly	ACC	12
Gly	CCC	3
Gly	GCC	2
Gly	TCC	1215
Gly	TCT	1
Gly	UCC	10442
His	ATG	1
His	AUG	1
His	GGG	1
His	GTG	1202
His	GUG	11171
Ile	AAU	2
Ile	GAT	1128
Ile	GAU	10030
Ile	UAU	3
Leu1	AAG	3
Leu1	CAA	4
Leu1	CAG	1
Leu1	CUA	1
Leu1	TAG	966
Leu1	UAA	744
Leu1	UAG	4490
Leu2	AAG	1
Leu2	CAA	26
Leu2	CAG	1
Leu2	CUA	6
Leu2	TAA	1109
Leu2	UAA	7902
Leu2	UAG	1167
Lys	CTT	150
Lys	CUU	3167
Lys	TTT	1026
Lys	UUU	7095
Met	CAT	1074
Met	CAU	9563
Met	TAT	9
Met	UAU	14
Phe	AAA	2
Phe	GAA	11679
Pro	AGG	8
Pro	CGG	3
Pro	GGG	3
Pro	TGG	1188
Pro	UGG	10524
Ser1	ACT	5
Ser1	ACU	44
Ser1	GCT	1121
Ser1	GCU	6829
Ser1	TCT	75
Ser1	TGC	1
Ser1	UCU	1382
Ser2	AGA	3
Ser2	GGA	4
Ser2	TGA	1069
Ser2	UCU	7
Ser2	UGA	9101
Thr	CGU	3
Thr	GGU	6
Thr	TGT	1243
Thr	UGU	10871
Trp	CCA	335
Trp	TCA	1238
Trp	UCA	10613
Tyr	ATA	1
Tyr	AUA	1
Tyr	GTA	1192
Tyr	GUA	10474
Val	AAC	4
Val	CAC	7
Val	GAC	11
Val	TAC	1158
Val	UAC	10527
