AMS	AC	count(*)
Val	AAC	961
Val	CAC	2679
Val	GAC	4169
Val	TAC	5585
Tyr	ATA	78
Tyr	GT-	1
Tyr	GTA	5753
Trp	CCA	5490
Trp	TCA	89
Thr	AGT	1247
Thr	CGT	3641
Thr	GCT	1
Thr	GGT	4337
Thr	GTT	1
Thr	TAG	2
Thr	TGT	6075
Sup	CTA	202
Sup	TCA	189
Sup	TTA	68
Ser	ACT	43
Ser	AGA	982
Ser	CAG	2
Ser	CGA	3494
Ser	GAT	1
Ser	GCA	1
Ser	GCT	5412
Ser	GGA	4214
Ser	GTC	1
Ser	TAC	1
Ser	TCT	3
Ser	TGA	5550
SeC	CCG	1
SeC	CTA	3
SeC	GCA	4
Sec	TCA	1017
Pro	AGG	647
Pro	CGG	2899
Pro	GGG	2986
Pro	GGT	1
Pro	NGG	1
Pro	TAA	1
Pro	TGG	5853
Phe	AAA	36
Phe	GAA	5819
Met	CAT	6134
Met	TAT	1
Lys	CTT	3927
Lys	TCC	1
Lys	TTA	1
Lys	TTT	6064
Leu	AAG	989
Leu	CAA	4855
Leu	CAG	4212
Leu	GAG	3846
Leu	NAG	1
Leu	TAA	5012
Leu	TAG	5078
Leu	TTT	1
Leu	YAG	1
Ini	CAT	172
iMet	CAT	1190
Ile2	CAT	4539
Ile	AAT	968
Ile	CAT	30
Ile	GAT	4998
Ile	TAA	1
Ile	TAT	735
Ile	TGC	1
His	ATG	29
His	GTG	5261
Gly	ACC	20
Gly	CCC	3154
Gly	GCC	5684
Gly	TAC	1
Gly	TCC	5879
Gly	TGG	1
Glu	CTC	2667
Glu	CTG	3
Glu	GAA	1
Glu	GTA	1
Glu	TTC	6193
Glu	TTG	9
Gln	CAG	1
Gln	CTG	3267
Gln	GTT	1
Gln	TTA	1
Gln	TTC	1
Gln	TTG	5884
fMet	CAT	4211
Cys	ACA	59
Cys	ACC	1
Cys	CTT	1
Cys	GCA	5778
Asp	ATC	35
Asp	GCC	6
Asp	GTC	6325
Asp	GTT	1
Asp	TTC	1
Asn	ATT	60
Asn	GTT	6986
Asn	TAA	1
Asn	TGG	1
Arg	ACG	4608
Arg	CCG	3892
Arg	CCT	4239
Arg	GAT	1
Arg	GCG	1036
Arg	GTT	1
Arg	RCG	1
Arg	TCA	1
Arg	TCG	2391
Arg	TCT	5982
Ala	AGC	1219
Ala	CGC	2434
Ala	GCT	2
Ala	GGC	3461
Ala	TGC	5866
